Instability, Abstractness
0.578431,0.142857
0.714286,1.000000
0.809524,1.250000
0.589744,0.352941
0.846154,0.166667
0.894737,0.100000
0.927322,0.037037
0.661290,0.133333
0.933504,0.032787
0.910811,0.187500
0.751880,0.090909
0.583333,0.200000
0.891803,0.180000
0.800000,0.031250
0.891892,0.571429
0.884615,0.666667
0.938776,0.037037
0.824701,0.018182
0.895522,0.100000
